{
	"class_name" : "PinholeCameraParameters",
	"extrinsic" : 
	[
		-0.35927486455582963,
		0.71314435710881774,
		-0.60195240478150891,
		0.0,
		-0.7958105647794832,
		0.10279109627614083,
		0.59675751818616352,
		0.0,
		0.48744960425027573,
		0.6934400597385475,
		0.53059755640791395,
		0.0,
		-1.2557478879484778,
		-1.1596320060580256,
		0.57660923971823241,
		1.0
	],
	"intrinsic" : 
	{
		"height" : 1025,
		"intrinsic_matrix" : 
		[
			887.67603887904966,
			0.0,
			0.0,
			0.0,
			887.67603887904966,
			0.0,
			926.0,
			512.0,
			1.0
		],
		"width" : 1853
	},
	"version_major" : 1,
	"version_minor" : 0
}